rxn num,lv,uv,ldGr,udGr
19,-996.016124,996.542717,-212.931942,42.674661
27,0.0,1000.0,-145.414849,-23.610934
32,0.021979,246.915009,-243.874036,-79.573
35,0.0,4.626716,-141.617804,-0.0001
41,0.066705,349.831831,-352.935852,-191.240782
43,-108.20443,-3.983876,0.0001,22.554507
53,0.0,0.0,-241.29692,-2.898532
55,0.0,0.0,-186.990145,-0.0001
71,0.0,0.0,57.056965,238.179002
78,7.443247,532.090937,-115.743952,-0.0001
81,1.37154,1000.0,-92.508655,-0.0001
82,0.0,0.0,-182.692218,-0.0001
87,0.0,262.323845,-180.49963,-0.0001
94,0.0,0.0,-188.332406,-0.0001
95,15.458857,1000.0,-49.831556,-0.0001
98,0.0,1000.0,-110.493104,-0.0001
101,-998.636251,263.211255,-223.309623,54.575374
104,1.37154,1000.0,-92.508655,-0.0001
108,0.0,1000.0,-236.597197,-0.0008
109,0.0,1000.0,-267.048852,-0.0001
116,0.0,0.0,-inf,inf
117,0.0,1000.0,-102.165203,208.027573
118,1.516214,1000.0,-83.689798,-0.0001
120,0.0,1000.0,-83.529171,52.291781
133,0.0,0.0,-147.082266,-19.200722
144,0.0,1000.0,-117.702774,-0.0007
145,-1000.0,1000.0,-16.672897,35.152119
151,0.0,1000.0,-139.185514,-0.0003
154,0.0,1000.0,-14.01921,-12.987359
160,0.0,1000.0,-118.121018,161.988313
161,0.0,1000.0,-39.957504,-0.0001
166,0.000697,95.32334,-279.869478,-83.496393
167,-17.074496,0.0,0.0001,60.402265
170,0.0,0.0,0.0001,229.593944
183,2.135179,998.821196,-183.727943,153.274338
187,-0.0,1000.0,-293.407544,-114.248102
192,0.0,1000.0,-97.922178,105.20075
193,-1000.0,1000.0,-36.618975,97.923393
206,0.0,0.0,0.0001,120.221952
211,0.41027,80.710048,-202.538721,249.778283
213,0.0,80.725017,-573.756104,-145.535781
219,0.41027,79.324717,-244.611221,-0.0001
227,-0.0,1000.0,-492.863762,-145.616125
232,0.0,1000.0,-198.725234,-0.0001
242,0.0,1000.0,-142.151005,-0.0001
265,0.0,1000.0,-245.996435,39.031497
266,0.0,1000.0,-102.125326,-0.0001
273,-1000.0,1000.0,-59.377967,25.033805
278,0.0,1000.0,-293.710595,-1.741558
289,0.0,200.080152,-284.071161,-0.0001
293,0.0,0.0,-169.153282,-0.0001
296,0.0,1000.0,-44.919691,125.027055
297,0.0,1000.0,-79.917246,-0.0001
300,0.040258,209.899334,-156.086802,-0.0001
310,-1000.0,1000.0,-86.527132,25.599787
317,7.714926,44.217445,-inf,inf
324,0.0,1000.0,-66.001695,-11.908055
329,0.0,1000.0,-175.437205,175.608172
332,1.1e-05,42.828394,-184.37909,-0.0001
345,0.0,1000.0,-42.846191,-0.0001
347,-0.0,1000.0,-67.859159,-0.0001
359,-1000.0,999.740543,-297.954112,74.19344
363,0.0,1000.0,-97.121672,78.049197
368,0.0,1000.0,-71.520591,-0.0002
370,-999.740543,1000.0,-16.332885,42.175915
373,0.0,0.0,-inf,inf
374,0.0,1000.0,-171.455783,-0.0001
383,-0.0,1000.0,-39.938367,-0.0001
392,0.002088,1000.0,-69.875579,-0.0001
397,0.0,1000.0,-97.398384,-0.0001
398,-1000.0,1000.0,-inf,inf
420,0.918344,334.38648,-214.892944,-0.0001
430,0.0,1000.0,-12.862788,-0.0001
433,62.511341,1000.0,-93.278282,126.782573
435,0.0,1000.0,-630.802179,-103.408364
445,0.0,996.747677,-102.560226,-0.0001
459,0.0,0.0,0.0001,45.871065
462,0.0,0.0,-175.418593,-0.0001
463,0.0,0.0,0.0001,44.694524
468,0.0,0.0,0.0001,46.321811
469,0.0,0.0,0.0001,53.341229
473,0.0,0.0,-179.158692,-0.0001
474,0.0,0.0,-180.448641,-0.0001
491,0.0,0.0,-172.802117,-0.0001
492,0.0,0.0,0.0001,47.049095
493,0.0,0.0,-170.352615,-0.0001
494,0.0,0.0,-171.910644,44.605048
495,0.0,0.0,-171.474398,-0.0001
496,0.0,0.0,0.0001,45.69212
497,0.0,0.0,-173.206994,43.158685
498,0.0,0.0,-171.97844,-0.0001
515,0.0,0.0,-256.38117,-23.158422
517,0.0,0.0,-262.027157,-24.206179
519,0.0,1000.0,-188.119164,-14.273709
523,0.0,1000.0,-166.170166,-0.0001
525,0.0,997.082448,-14.71877,-0.0001
530,0.0,0.0,-34.626947,-0.0001
534,0.0,0.0,-172.165046,21.986298
538,0.0,1000.0,-78.476867,-0.0001
551,0.0,1000.0,-330.765222,-0.0004
552,0.066705,999.576145,-416.341492,-235.873688
553,0.0,209.859076,-202.40501,-0.0001
554,0.0,1000.0,-245.865486,-0.0001
555,0.0,1000.0,-83.128156,-0.0001
562,0.0,0.0,0.0001,83.066115
563,0.0,0.0,0.0001,72.62556
564,0.0,0.0,0.0001,72.625578
568,0.0,0.0,-inf,inf
572,0.0,1000.0,-158.912538,-0.0001
574,0.0,1000.0,-30.112726,-0.0001
579,-40.453407,1000.0,-26.610885,55.944459
582,0.8956,1000.0,-179.428242,-0.0001
587,0.0,1000.0,-48.350436,-0.0001
596,0.0,1000.0,-203.003532,-0.0001
601,-1000.0,1000.0,-205.58729,101.963371
603,-1000.0,1000.0,-199.856577,101.099666
609,0.0,299.79868,-169.17228,-0.0001
610,0.066705,999.576145,-196.606194,-0.0001
616,0.066718,1000.0,-164.649878,-0.0001
622,0.066718,1000.0,-24.709017,-0.0001
634,0.0,1000.0,-78.794306,-0.0001
639,0.0,1000.0,-126.70249,-0.0001
649,0.0,1000.0,-61.391812,-19.796239
702,5.612747,1000.0,-157.622363,-0.0001
707,0.0,0.0,0.0001,121.009659
709,0.0,0.0,-349.231318,104.064862
713,1.83297,251.689901,-269.744462,-45.003232
720,0.0,0.0,-91.388248,144.427734
721,0.0,1000.0,-92.683,-0.0001
723,0.0,0.0,0.0001,145.166476
726,9.703749,1000.0,-81.122952,161.2741
733,0.0,0.0,-252.10302,-89.784669
735,0.0,1000.0,-259.604919,114.376125
739,0.039561,1000.0,-56.546825,-0.0001
742,0.0,140.989937,-49.497177,-0.0001
746,-45.632868,1000.0,-53.275244,64.068489
749,9.85145,1000.0,-58.567335,48.868699
751,3.676193,802.19995,-23.68795,-0.0001
753,0.0,78.850805,-347.990213,-0.0001
757,-1000.0,1000.0,-89.482224,43.333165
758,0.0,1000.0,-147.844736,-0.0001
759,0.0,4.626716,-197.22759,-0.0001
766,0.0,299.79868,-401.068834,-0.0001
769,0.0,1000.0,-135.960733,-0.0003
775,0.0,0.0,-562.120326,-51.531767
778,0.0,1000.0,-34.310418,-0.0001
779,0.0,1000.0,-69.912632,181.886183
787,0.0,1000.0,-96.764152,-0.0001
790,-21.07362,0.0,-inf,inf
800,0.0,0.0,-inf,inf
802,0.0,0.0,0.0001,176.866386
811,0.423855,2.326212,-inf,inf
819,0.0,349.765126,-76.867643,-0.0001
830,1.1e-05,42.828394,-389.425238,-0.0001
832,1.1e-05,42.828394,-374.803357,-0.0001
833,0.0,1000.0,-89.508527,157.358459
834,0.0,500.0,-55.548415,-44.189497
837,4.89366,992.558841,-12.857988,-0.0001
841,-419.718152,0.0,0.0001,71.661846
846,0.0,524.645027,-69.876057,47.056273
847,0.0,299.79868,-77.927305,-0.0001
860,0.0,1000.0,-71.631965,-0.0002
870,0.0,0.0,-495.130841,-329.234316
874,0.0,0.0,-78.483985,-0.0001
878,0.0,1000.0,-185.628538,-6.597152
885,0.0,1000.0,-33.736075,-0.0001
886,-349.719256,0.0,-46.094581,77.980135
887,-71.668454,0.0,-126.514152,231.485156
889,0.0,0.0,0.0001,226.090154
893,0.0,0.0,-124.344044,229.315047
907,-349.765126,0.0,0.0001,80.152908
908,0.000345,42.828728,-59.277547,-0.0001
910,132.81507,299.79868,-77.814465,-0.0001
911,0.0,349.765126,-77.35157,-0.0001
915,0.0,0.0,-168.346885,-16.671432
922,-137.157714,0.0,0.0001,74.571625
929,-419.718152,0.0,0.0001,59.018292
935,-0.219323,0.0,0.0001,83.552075
940,0.0,0.0,14.845294,132.371815
944,-0.156066,0.0,0.0001,105.221865
953,0.0,0.0,0.0001,77.747758
956,0.0,1000.0,-11.311194,-0.0001
959,26.592944,1000.0,-17.034885,-3.668258
960,0.0,0.0,0.0001,109.119186
961,765.189444,1000.0,-26.251395,-0.0001
965,15.458857,1000.0,-49.831556,-0.0001
971,0.0,1000.0,-56.105241,-0.0001
973,0.039891,0.228517,-134.342186,-0.0001
976,0.0,0.0,0.0001,162.164575
977,0.0,0.0,-99.95457,-0.0001
984,0.0,927.056079,-285.481309,335.48989
990,1.53025,1000.0,-29.114044,-0.0001
991,0.0,998.46975,-59.011285,-0.0001
993,0.0,0.0,0.0001,241.326774
1006,0.0,1000.0,-inf,inf
1009,0.0,1000.0,-inf,inf
1014,0.0,1000.0,-inf,inf
1027,0.0,1000.0,-inf,inf
1030,0.0,1000.0,-inf,inf
1051,0.0,0.0,-38.708501,-0.0001
1052,-41.089169,-0.002088,0.0001,94.618704
1055,13.589573,992.558841,-44.94521,-0.0001
1064,0.0,1000.0,-39.957504,-0.0001
1065,1000.0,1000.0,-2.034729,64.884257
1076,0.0,419.718152,-71.420419,-0.0001
1089,0.0,200.080882,-134.351661,-3.421538
1092,0.0,1000.0,-158.57871,-99.896055
1094,-1000.0,1000.0,-58.947403,9.168917
1095,0.0,200.080152,-130.429923,32.216513
1106,0.0,1000.0,-7.940246,-0.0001
1113,0.0,0.0,-47.053878,-0.0001
1124,0.0,419.718152,-59.322036,-0.0001
1134,0.0,1000.0,-85.88829,-0.0001
1141,0.0,1000.0,-259.322634,-0.0002
1148,0.0,0.0,347.816284,515.341975
1153,-12.698023,0.0,0.0001,61.110811
1158,-4.626716,26.263551,-57.59639,57.59639
1161,0.0,1000.0,-57.59639,57.59639
1163,0.0,1000.0,-18.084367,-0.0001
1165,0.0,1000.0,-103.609983,-0.0001
1167,0.0,1000.0,-72.226183,-0.0001
1184,0.065936,1000.0,-55.307852,-0.0001
1196,-191.220647,0.0,0.0001,104.637757
1199,-233.176751,0.0,0.0001,86.111449
1205,0.0,95.32334,-244.00764,-13.017791
1218,9.258064,1000.0,-44.133189,125.683107
1227,0.0,1000.0,-24.820634,-0.0001
1262,-999.472533,1000.0,-86.710769,61.016166
1264,0.0,0.0,0.0001,103.978563
1265,-927.056079,1000.0,-9.823561,5.642013
1269,-1000.0,1000.0,-10.341597,9.823561
1271,0.0,1000.0,-8.988829,-0.0001
1275,-3.050934,0.0,0.0001,96.388155
1289,0.0,0.0,0.0001,97.461094
1290,0.0,1000.0,-81.468291,52.912978
1291,0.0,0.0,374.086319,547.263158
1296,0.0,0.0,391.8988,568.24382
1299,0.0,0.0,392.51788,567.624697
1300,0.0,0.0,393.831555,566.310972
1303,0.0,419.400536,-65.127826,-0.0001
1309,0.0,1000.0,-44.167651,78.397327
1314,0.0,960.641138,-66.45499,-0.0001
1317,0.0,0.0,0.0001,65.774881
1322,0.0,1000.0,-0.0001,-0.0001
1333,-524.64769,0.0,0.0001,67.204581
1348,0.0,0.0,0.0001,67.401264
1355,0.0,0.0,-35.418925,-0.0001
1356,0.0,0.0,462.091104,653.226157
1357,0.0,0.0,462.906792,652.410469
1362,0.0,0.0,481.052803,673.05809
1368,-24.189731,-7.714926,0.0001,64.614197
1369,0.0,0.0,0.0001,16.812055
1371,0.0,0.0,422.020535,596.312352
1372,0.0,0.0,423.107535,594.280209
1378,0.0,0.0,438.999827,618.12667
1380,0.0,0.0,441.531626,615.59481
1393,0.0,1000.0,-102.595899,-0.0001
1394,0.0,1000.0,-54.099889,-0.0001
1398,9.405979,1000.0,-46.183727,-0.0001
1402,0.0,289.108198,-56.256744,-0.0001
1409,0.0,4.626716,-92.511567,-0.0001
1412,-80.972282,0.0,-46.298426,71.898412
1418,0.0,0.0,0.0001,77.715374
1427,0.0,1000.0,-95.332898,-0.0001
1444,11.951701,1000.0,-1.832303,-0.0001
1451,0.41027,81.848416,-169.142041,-0.0001
1466,-997.082448,1000.0,-41.498082,72.219091
1472,0.0,0.0,-20.547308,-0.0001
1474,1.83297,209.859076,-74.96274,-0.0001
1484,0.0,1000.0,-17.587235,-1.809581
1488,0.0,500.0,-19.298718,-3.521064
1492,-12.818863,0.0,0.0001,71.508556
1501,0.066705,349.831831,-246.295623,-74.188054
1502,0.0,1000.0,-11.828489,-0.0001
1508,71.239402,1000.0,-101.148827,-6.63347
1522,0.0,0.0,-178.929242,-0.0001
1525,0.0,0.0,0.0001,161.430202
1528,0.0,0.0,-210.438837,-0.0001
1529,0.0,0.0,0.0001,208.924024
1535,0.0,1000.0,-165.166703,-0.0001
1537,0.45718,1000.0,-137.00559,180.903513
1543,0.0,1000.0,-139.063748,-0.0001
1550,0.0,1000.0,-84.619903,-0.0001
1551,-1000.0,1000.0,-131.302021,147.803676
1554,0.0,1000.0,-inf,inf
1562,0.0,0.0,-31.325536,83.827281
1577,0.0,1000.0,-30.226626,-0.0001
1586,0.0,0.0,0.0001,139.607551
1605,0.0,0.0,0.0001,63.217732
1606,0.0,0.0,0.0001,67.236706
1608,0.0,524.64769,-183.3319,-0.0001
1612,0.0,0.0,-inf,inf
1613,0.0,0.0,0.0001,53.790174
1632,0.0,0.0,34.505372,264.019122
1634,0.0,1000.0,-inf,inf
1636,-132.186942,998.636251,-inf,inf
1647,-524.64769,0.0,0.0001,132.858058
1648,0.0,0.0,0.0001,134.455699
1651,0.0,1000.0,-181.472274,-0.0001
1655,0.0,1000.0,-inf,inf
1660,0.0,0.0,-354.610423,-9.314289
1670,0.0,0.0,-179.312423,-0.0001
1683,0.0,1000.0,-82.782748,-0.0001
1684,0.0,1000.0,-81.030753,-0.0001
1692,0.0,1000.0,-80.836961,-0.0001
1711,0.0,1000.0,-152.742677,-0.0001
1717,0.0,1000.0,-91.659948,142.052836
1741,0.0,0.0,-255.45098,-7.116069
1742,0.0,1000.0,-118.200026,-0.0001
1747,0.0,1000.0,-163.2934,-0.0001
1760,0.0,1000.0,-inf,inf
1768,0.0,1000.0,-31.76072,-0.0003
1775,0.0,1000.0,-136.102615,-0.0001
1780,0.0,1000.0,-inf,inf
1781,0.0,1000.0,-139.99822,144.332568
1789,0.0,1000.0,-inf,inf
1794,0.0,1000.0,-148.215696,-0.0001
1797,0.0,1000.0,-inf,inf
1799,0.0,1000.0,-inf,inf
1800,0.0,1000.0,-147.476282,-0.0001
1804,0.0,1000.0,-139.627668,149.119792
1808,0.0,1000.0,-inf,inf
1814,0.0,0.0,-inf,inf
1825,0.0,1000.0,-inf,inf
1828,0.0,1000.0,-inf,inf
1837,0.0,952.661538,-inf,inf
1843,-1000.0,0.0,-inf,inf
1844,1000.0,1000.0,-inf,inf
1846,0.0,1000.0,-inf,inf
1852,0.0,1000.0,-inf,inf
1855,0.0,0.0,-164.909244,62.982257
1865,0.0,1000.0,-inf,inf
1876,0.0,1000.0,-inf,inf
1880,0.0,1000.0,-inf,inf
1881,0.0,1000.0,-inf,inf
1883,-1000.0,1000.0,-inf,inf
1886,0.0,1000.0,-116.262392,-0.0001
1898,-1000.0,1000.0,-inf,inf
1899,-0.0,1000.0,-inf,inf
1900,0.0,1000.0,-inf,inf
1904,0.0,1000.0,-148.926258,-0.0001
1905,-1000.0,1000.0,-275.981434,171.925443
1906,0.0,1000.0,-inf,inf
1908,1000.0,1000.0,-244.78376,170.761796
1914,0.0,1000.0,-inf,inf
1920,0.0,1000.0,-inf,inf
1930,0.0,1000.0,-inf,inf
1932,-1000.0,1000.0,-inf,inf
1933,0.0,1000.0,-inf,inf
1936,0.0,1000.0,-inf,inf
1939,0.0,1000.0,-inf,inf
1940,0.0,1000.0,-inf,inf
1941,0.0,1000.0,-inf,inf
1948,-1000.0,1000.0,-inf,inf
1954,-1000.0,1000.0,-inf,inf
1958,0.0,1000.0,-inf,inf
1964,107.786621,1000.0,-inf,inf
1966,0.0,1000.0,-inf,inf
1972,0.0,1000.0,-inf,inf
1973,0.0,1000.0,-inf,inf
1976,0.0,1000.0,-inf,inf
1978,0.0,1000.0,-inf,inf
1980,0.0,1000.0,-inf,inf
1987,0.0,1000.0,-inf,inf
1996,0.0,1000.0,-inf,inf
2013,0.0,1000.0,-inf,inf
2022,0.0,1000.0,-inf,inf
2038,0.0,1000.0,-inf,inf
2042,0.0,1000.0,-inf,inf
2044,0.0,1000.0,-inf,inf
2051,-1000.0,1000.0,-inf,inf
2056,0.0,1000.0,-inf,inf
2065,0.0,1000.0,-inf,inf
2066,-1000.0,1000.0,-inf,inf
2085,0.0,1000.0,-inf,inf
2087,0.0,1000.0,-inf,inf
2095,0.0,1000.0,-inf,inf
2097,0.0,1000.0,-inf,inf
2109,0.0,1000.0,-inf,inf
2115,-1000.0,1000.0,-inf,inf
2116,0.0,1000.0,-inf,inf
2118,0.0,1000.0,-inf,inf
2124,0.0,1000.0,-inf,inf
2132,0.0,1000.0,-inf,inf
2157,0.0,1000.0,-inf,inf
2172,0.0,1000.0,-inf,inf
2175,0.0,1000.0,-inf,inf
2183,0.0,1000.0,-inf,inf
2184,-1000.0,1000.0,-inf,inf
2208,0.0,0.0,-96.939082,-0.0001
2211,0.0,1000.0,-inf,inf
2215,0.0,1000.0,-inf,inf
2222,0.0,1000.0,-inf,inf
2226,0.0,1000.0,-inf,inf
2233,0.0,1000.0,-100.30468,188.819597
2237,0.0,1000.0,-inf,inf
2247,0.0,1000.0,-inf,inf
2249,-1000.0,1000.0,-inf,inf
2252,0.0,1000.0,-inf,inf
2267,0.0,1000.0,-201.273206,-0.0003
2270,0.0,1000.0,-inf,-inf
2275,0.0,1000.0,-186.298635,221.848261
2315,-1000.0,1000.0,-inf,inf
2322,0.0,1000.0,-inf,inf
2355,1000.0,1000.0,-inf,inf
2356,-1000.0,1000.0,-inf,inf
2363,0.0,1000.0,-inf,inf
2369,0.0,1000.0,-46.64618,-0.0001
2370,0.0,1000.0,-inf,inf
2378,0.0,1000.0,-inf,inf
2385,0.0,1000.0,-191.604156,-0.0003
2387,1000.0,1000.0,-221.564804,-0.0001
2388,-1000.0,1000.0,-52.726944,95.882129
2394,0.0,1000.0,-265.529845,-0.0001
2410,0.0,1000.0,-inf,inf
2412,-1000.0,1000.0,-inf,inf
2416,0.0,1000.0,-inf,inf
2432,0.0,1000.0,-263.683261,-0.0001
2436,0.0,233.176751,-185.593849,-0.0001
2444,0.0,233.176751,-228.459682,-29.046225
2445,0.0,233.176714,-244.576757,-25.63141
2454,0.0,1000.0,-inf,inf
2459,-1000.0,1000.0,-inf,inf
2462,0.0,254.575231,-inf,inf
2463,0.0,255.719216,-inf,inf
2474,-1000.0,0.0,0.0001,113.272356
2503,-1000.0,0.0,-inf,inf
2506,0.0,0.0,-261.784684,-48.161729
2507,0.0,0.0,-274.601087,-19.895587
2515,0.0,1000.0,-inf,inf
2517,0.0,1000.0,-inf,inf
2519,0.0,1000.0,-inf,inf
2535,0.0,1000.0,-inf,inf
2536,0.0,1000.0,-inf,inf
2537,0.0,1000.0,-inf,inf
2540,0.0,1000.0,-inf,inf
2548,0.0,1000.0,-inf,inf
2550,0.0,1000.0,-inf,inf
2563,0.0,1000.0,-inf,inf
2564,0.0,1000.0,-inf,inf
2579,0.0,1000.0,-inf,inf
2596,0.0,1000.0,-inf,inf
2600,0.0,1000.0,-254.056931,-69.110942
2621,0.0,1000.0,-291.367922,108.055891
2625,0.0,1000.0,-306.769612,-0.0001
2636,0.0,1000.0,-inf,inf
2639,0.0,1000.0,-inf,inf
2645,0.0,1000.0,-inf,inf
2652,0.0,1000.0,-210.353009,-0.0003
2665,996.600218,1000.0,-inf,inf
2668,0.0,0.0,-inf,inf
2672,0.0,1000.0,-inf,inf
2675,0.0,1000.0,-inf,inf
2683,0.0,1000.0,-141.148909,-0.0001
2686,0.0,1000.0,-293.66174,-0.0001
2687,-1000.0,1000.0,-108.163383,97.008388
2692,-1000.0,1000.0,-inf,inf
2695,0.0,1000.0,-inf,inf
2696,0.0,1000.0,-inf,inf
2700,0.0,1000.0,-95.870357,-0.0001
2714,-1000.0,1000.0,-140.249121,140.993778
2724,0.0,1000.0,-0.0007,-0.0007
2734,0.0,1000.0,-146.217249,-0.0003
2739,-1000.0,0.0,-155.630823,147.766417
2746,0.0,1000.0,-139.437574,-0.0003
2747,0.0,1000.0,-140.249121,-7.399184
2748,0.0,1000.0,-141.024466,-0.0001
2754,0.0,1000.0,-148.253844,147.357238
2760,0.0,1000.0,-145.327241,145.740836
2767,0.0,1000.0,-0.0003,152.772985
2768,0.0,1000.0,-148.40317,-0.0009
2783,0.0,1000.0,-141.108109,-0.0005
2787,0.0,1000.0,-153.83889,-0.0013
2795,0.0,1000.0,-140.195226,147.491854
2804,0.0,1000.0,-145.121566,-0.0013
2832,0.0,1000.0,-143.426794,140.651653
2836,0.0,1000.0,-139.437574,-0.0001
2838,0.0,1000.0,-144.973587,-0.0013
2840,0.0,1000.0,-143.023476,140.249321
2843,0.0,1000.0,-150.16607,-0.0013
2844,0.0,1000.0,-143.76886,-0.0007
2846,-1000.0,0.0,0.0005,141.809151
2859,0.0,1000.0,-139.437574,146.698951
2867,-1000.0,1000.0,-142.037912,147.719173
2880,0.0,1000.0,-72.445593,-0.0001
2887,0.0,1000.0,-0.0001,-0.0001
2888,0.0,1000.0,-95.486054,95.485932
2892,0.0,1000.0,-90.655511,-0.0001
2893,0.0,1000.0,-80.534623,-0.0001
2895,0.33873,1000.0,-59.332754,-0.0001
2903,-1000.0,1000.0,-76.979462,0.0001
2904,19.96983,1000.0,-76.702773,-0.0001
2909,28.535833,917.26148,-9.122512,-0.0001
2910,0.0,282.392582,-61.461248,61.461248
2916,0.0,1000.0,-21.692017,-0.0001
2923,0.0,1000.0,-54.539791,-0.0001
2927,-1000.0,1000.0,-inf,inf
2929,-1000.0,1000.0,-92.525423,50.413994
2934,0.0,1000.0,-162.290141,-0.0001
2939,0.0,1000.0,-56.678706,-0.0001
2972,0.0,1000.0,-25.630576,-0.0001
2980,693.820372,1000.0,-inf,inf
2993,0.0,1000.0,-inf,inf
2994,-1000.0,0.0,8.203781,181.453573
3001,0.0,1000.0,-inf,inf
3012,0.0,500.0,-19.298718,-3.521064
3025,0.0,1000.0,-inf,inf
3027,0.0,0.0,-60.618917,-0.016162
3032,5.928324,415.742656,-4.46586,11.311794
3034,-1000.0,0.0,7.438215,162.537757
3042,0.0,1000.0,-114.072308,7.946421
3049,0.0,1000.0,-199.563035,-39.556309
3056,0.0,1000.0,-206.571241,-2.524096
3067,0.0,1000.0,-211.598858,-25.726889
3069,0.0,1000.0,-inf,inf
3071,-1000.0,1000.0,-inf,inf
3073,0.0,1000.0,-211.598822,-47.912833
3074,0.0,1000.0,-inf,inf
3076,0.0,1000.0,-inf,inf
3077,0.0,1000.0,-214.714542,-18.047249
3083,0.0,1000.0,-71.570169,-0.0001
3084,0.0,1000.0,-221.739507,-0.0001
3090,0.0,1000.0,-159.002139,-0.0001
3094,-1000.0,1000.0,-266.220015,84.895324
3098,0.0,1000.0,-258.94123,-9.463682
3101,0.0,1000.0,-21.408292,69.418137
3102,-1000.0,1000.0,-108.163383,62.895014
3104,0.0,1000.0,-137.890815,-0.0001
3105,0.0,1000.0,-286.555733,-0.0001
3111,-1000.0,1000.0,-220.854476,106.755541
3117,0.0,1000.0,-186.254731,-0.0001
3118,0.0,1000.0,-186.844763,-0.0001
3123,-191.999414,0.0,73.894306,190.143076
3126,0.0,0.0,25.727695,203.921921
3127,0.0,0.0,38.319857,198.175693
3128,0.0,0.0,25.727667,203.921948
3149,0.0,1000.0,-255.661497,-0.0001
3179,0.0,1000.0,-445.492654,-281.859949
3184,0.0,1000.0,-529.921182,-216.828237
3187,0.0,1000.0,-214.678207,331.052432
3192,0.0,1000.0,-214.678207,-0.0001
3194,0.0,0.0,-420.451195,-272.797363
3200,0.0,0.0,-496.717959,-317.053517
3209,0.0,1000.0,-485.730591,-324.342844
3211,0.0,1000.0,-509.672729,-346.040028
3213,0.0,1000.0,-509.672707,-346.040051
3215,0.0,1000.0,-604.180397,-297.171927
3217,0.0,1000.0,-204.409434,-0.0001
3219,0.0,1000.0,-204.409434,-0.0001
3221,0.0,1000.0,-204.409434,-0.0001
3223,0.0,1000.0,-204.409434,-0.0001
3239,0.0,1000.0,-180.857945,-10.828244
3267,0.0,1000.0,-4.40621,-0.0001
3273,-1000.0,0.0,2.269134,129.884435
3276,-1000.0,1000.0,-inf,inf
3293,0.0,1000.0,-82.866874,-0.0001
3296,0.0,1000.0,-92.525417,-0.0001
3306,-89.2283,1000.0,-inf,inf
3311,0.0,0.0,0.0001,158.037703
3312,0.0,0.0,0.0001,162.346106
3330,0.0,1000.0,-inf,inf
3343,-1000.0,1000.0,-inf,inf
3346,-1000.0,1000.0,-inf,inf
3348,0.0,1000.0,-inf,inf
3359,0.283337,1.623922,-286.468218,-0.0001
3362,1000.0,1000.0,-inf,inf
3376,0.0,1000.0,-inf,inf
3379,1000.0,1000.0,-inf,inf
3394,-1000.0,1000.0,-inf,inf
3401,0.075355,0.431889,-381.483874,-0.0001
3402,-114.691226,999.999912,-58.703662,52.973291
3408,0.0,1000.0,-39.706824,-0.0001
3410,10.989297,62.984217,-inf,inf
3413,10.989297,62.984204,-inf,inf
3443,-1000.0,1000.0,-inf,inf
3459,0.0,1000.0,-inf,inf
3466,0.0,1000.0,-inf,inf
3467,0.0,1000.0,-inf,inf
3472,0.0,1000.0,-inf,inf
3478,0.0,1000.0,-inf,inf
3489,0.0,1000.0,-inf,inf
3490,0.0,1000.0,-inf,inf
3491,0.0,1000.0,-inf,inf
3501,0.0,1000.0,-inf,inf
3504,0.0,1000.0,-inf,inf
3505,0.0,1000.0,-inf,inf
3514,-1000.0,1000.0,-inf,inf
3524,0.0,0.0,14.158895,156.936993
3534,0.0,999.999989,-58.87355,-0.0001
3536,0.0,0.0,-174.836462,-0.0001
3564,0.0,0.0,-160.400085,-0.0001
3570,0.0,999.99989,-207.713697,-61.114238
3572,0.0,0.0,-inf,inf
3573,0.0,0.0,-inf,inf
3588,0.0,0.0,0.0001,148.143497
3593,0.0,0.0,-130.774586,-0.0001
3599,0.0,0.0,-700.037672,-277.991058
3602,0.0,0.0,0.0001,51.314568
3620,0.0,0.0,-99.985342,-0.0001
3628,0.0,1000.0,-42.012732,12.862988
3629,0.0,0.0,-inf,inf
3643,0.0,0.0,-inf,inf
3648,0.0,0.0,-142.051756,135.285513
3655,0.0,0.0,-inf,inf
3656,0.0,0.0,-329.411794,77.641088
3659,0.0,0.0,-56.877961,-0.0001
3661,0.0,0.0,-inf,inf
3664,0.0,0.0,0.0001,86.768697
3669,0.0,0.0,-200.799576,-41.61641
3670,0.0,0.0,0.0001,68.04276
3671,-699.530253,0.0,-76.066693,23.909679
3675,-180.0608,0.0,0.0001,108.322236
3679,0.0,0.0,-100.730372,30.68068
3681,0.0,0.0,0.0001,260.471812
3690,-299.79868,0.0,0.0001,179.775031
3705,0.0,0.0,-120.071185,-0.0001
3711,0.0,0.0,-inf,inf
3712,0.0,0.0,-408.115838,408.115838
3713,0.0,0.0,-122.007192,-0.0001
3716,-299.79868,0.0,0.0001,162.349503
3734,-699.530253,0.0,-46.501953,46.471484
3739,0.0,0.0,-86.806355,-0.0001
3743,0.0,0.0,0.0001,47.14426
3747,0.0,0.0,0.0001,44.671573
3761,0.0,0.0,-632.709309,-138.609496
3767,0.0,0.0,-291.646949,-0.0001
3770,0.0,0.0,-108.163919,-0.0001
3793,0.0,0.0,0.0001,78.103848
3799,0.0,0.0,-48.557145,-0.0001
3801,0.0,0.0,-172.428925,-81.359579
3810,0.0,998.689535,-881.247156,-701.241793
3817,0.0,996.323807,-209.510244,-32.181451
3899,29.310896,999.997912,-101.609943,110.443412
3903,4.111287,1000.0,-160.771554,-0.0001
3904,-1000.0,1000.0,-82.790762,47.254295
3911,0.007242,0.038894,-158.133758,-0.0001
3925,0.0,0.0,-57.614899,-0.0001
3941,0.0,0.0,0.0001,79.740335
3942,0.0,0.0,-117.717129,-10.982445
3945,0.0,0.0,0.0001,67.997698
3950,0.0,0.0,-200.799577,-41.616409
3952,0.0,209.859076,-139.742413,-0.0001
3955,3.3e-05,142.469552,-139.824464,-0.0001
3957,0.0,209.859076,-94.086907,25.627557
3971,0.0,1000.0,-6.452017,-0.0001
3972,-0.0,1000.0,-72.999454,45.615714
3973,0.0,1000.0,-94.082855,-0.0001
3979,0.0,699.530253,-65.078873,-0.0001
3982,0.0,503.242858,-100.833065,-0.0001
3983,712.762209,1000.0,-32.515733,-0.0001
3996,0.0,262.323845,-76.048734,-0.0001
4001,887.490533,1000.0,-inf,inf
4003,-1000.0,1000.0,-inf,inf
4007,3.3e-05,142.469552,-57.989623,120.293168
4012,0.0,349.765126,-inf,inf
4018,3.3e-05,334.385038,-79.398191,-0.0001
4026,0.0,0.0,0.0001,184.718382
4031,0.0,0.0,71.708661,320.861419
4036,0.0,0.0,-278.547015,-0.0001
4039,0.0,0.0,6.548683,188.589201
4041,0.0,500.0,-inf,inf
4043,0.0,0.0,-inf,inf
4044,0.0,0.0,-73.227848,50.408067
4058,0.0,0.0,-79.304843,-0.0001
4060,0.0,0.0,0.0001,47.747688
4063,0.0,1000.0,-56.752133,-0.0001
4064,0.0,0.0,-54.306322,-0.0001
4068,0.0,0.0,-52.87845,52.87845
4074,-1000.0,1000.0,-144.768169,43.212894
4083,-1000.0,1000.0,-50.234615,16.812369
4098,1.3e-05,149.899353,-379.600658,-0.0001
4100,0.0,1000.0,-76.299815,-0.0001
